Accession ,Sample 1,Sample 2,Sample 3,Sample 4,Sample 5,Sample 6,Sample 7,Sample 8
Group,Control,Control,Control,Control,Treated,Treated,Treated,Treated
P37256,0.01,0.02,0.03,0.04,0.1578,0.2578,0.2678,0.2688
Q1RHU4,0.02,0.01,0.02,0.03,0.78142,0.88142,0.89142,0.89242
Q5P6I4,0.00235,0.0045,0.0145,0.0245,0.9432,1.0432,1.0532,1.0542
Q7MLX2,0.000157,0.00057,0.01057,0.02057,0.6145,0.7145,0.7245,0.7255
Q8SQI7,0.0035,0.0036,0.0136,0.0236,0.0145,0.1145,0.1245,0.1255
B2HR69,0.000789,0.000985,0.010985,0.020985,0.93542,1.03542,1.04542,1.04642
